Aurora_Program_Seq,Velocity_ProjectCode,Project_Name,Aurora_Segment_Seq_fk,Project_Status,Resources_Currently_Allocated,Velocity_Start_Date,Velocity_End_Date,Virtusa_Segment_DeliveryHead,Virtusa_DD_Name,Virtusa_DD_EmailId,Virtusa_PD_Name,Virtusa_PD_EmailId,Virtusa_PM_Name,Virtusa_PM_EmailId,IT_Cluster,Aurora_ServiceType_V_Seq_fk,Aurora_Delivery_From_Seq_fk,Pricing_Construct_Code_fk,Total_HC,HC_On,HC_Off,Recovery_Time_Objective,Aurora_Program_Seq_fk,Aurora_SOW_Seq_fk,Engagement_Plan_Applicability,Engagement_Plan_Exemption_Reason,SLA_Applicability,KPI_Applicability,Key_Personnel_Including_PM,Project_Life_Cycle,Project_Applicability_Secure_SDLC,Project_Mobile_Development_Component,Release_Notes_Applicability,Self_Assessment_Applicability,Governance_Report_Applicability,Governance_Report_Frequency,GDPR,Remarks,Highest_Confidentiality,Created_Date,Created_By,Modified_Date,Modified_By
1,201189,"CITI TTS Stars",10,Open,Y,2009-01-01,2020-12-31,"Sundar Ramamurthy","Ramesh babu",rb@virtusa.com,"Fasmiya Aliyar",fa@virtusa.com,"Fasmiya Aliyar",fa@virtusa.com,VDI,1000,100,PC001,50,11,39,"Not applicable",121,2840,Yes,R1,Y,Y,1,PL1,S,M,RNA1,SAA1,GRA1,GRF1,GDPR1,R1,HC1,2020-01-01,"Sanjeev Pinnamaneni",2020-01-01,"Sanjeev Pinnamaneni"
2,207540,"ICG CPB Production Support",11,Open,Y,2016-03-16,2020-12-31,"Venkat Narayanan","Venkat Narayanan",vn@virtusa.com,"Vijayakumar Settybalija",vs@virtusa.com,"Vijayakumar Settybalija",vs@virtusa.com,PS,1001,100,PC001,54,26,28,"0 to 4 hours",122,14500,No,R2,Y,Y,5,PL2,S,D,RNA2,SAA2,GRA2,GRF2,GDPR2,R2,HC2,2020-01-01,"Vijayakumar Settybalija",2020-01-01,"Vijayakumar Settybalija"
3,207554,"ICG TTS Global Prod Support",11,Open,Y,2016-03-04,2020-12-31,"Venkat Narayanan","Venkat Narayanan",vn@virtusa.com,"Vijayakumar Settybalija",vs@virtusa.com,"Rohan Madhukar Mhatre",rmm@virtusa.com,PS,1001,100,PC001,43,5,38,"0 to 4 hours",122,66782,Yes,R3,Y,Y,8,PL3,D,C,RNA3,SAA3,GRA3,GRF3,GDPR3,R3,HC3,2018-01-01,"Sanjeev Pinnamaneni",2018-01-01,"Sanjeev Pinnamaneni"
4,209369,"ICG MSST FlexPP APAC Support",12,Closed,N,2016-03-30,2019-03-31,"Chinni Suresh Kumar Natti","Chinni Suresh Kumar Natti",csk@virtusa.com,"Sanjeev Pinnamaneni",sp@virtusa.com,"Sanjeev Pinnamaneni",sp@virtusa.com,PS,1001,101,PC001,0,0,0,"0 to 4 hours",122,66783,No,R4,N,N,4,PL4,S,M,RNA4,SAA4,GRA4,GRF4,GDPR4,R4,HC4,2018-12-18,"Vijayakumar Settybalija",2018-12-18,"Vijayakumar Settybalija"
5,216224,"ICG CPB APAC CapMkt",13,Open,Y,2018-12-21,2020-07-31,"Venkat Narayanan","Venkat Narayanan",vn@virtusa.com,"Vijayakumar Settybalija",vs@virtusa.com,"Vijayakumar Settybalija",vs@virtusa.com,PS,1002,101,PC002,2,2,0,"0 to 4 hours",122,20023,Yes,R5,Y,N,7,PL5,D,D,RNA5,SAA5,GRA5,GRF5,GDPR5,R5,HC5,2020-01-13,"Sanjeev Pinnamaneni",2020-01-13,"Sanjeev Pinnamaneni"
