Chorus_Code_pk_fk,Year,Month,Project_Health,Revenue,Cost,Margin,Cost_Tier0,Cost_Tier1,Cost_Tier2,Cost_Tier3,Cost_Tier4,FTE_Tier0,FTE_Tier1,FTE_Tier2,FTE_Tier3,FTE_Tier4,Contractor_Cost,Contractor_Count,Onsite_R_Cost_Tier0,Onsite_R_Cost_Tier1,Onsite_R_Cost_Tier2,Onsite_R_Cost_Tier3,Onsite_R_Cost_Tier4,Offshore_R_Cost_Tier0,Offshore_R_Cost_Tier1,Offshore_R_Cost_Tier2,Offshore_R_Cost_Tier3,Offshore_R_Cost_Tier4,Onsite_FTE_Tier0,Onsite_FTE_Tier1,Onsite_FTE_Tier2,Onsite_FTE_Tier3,Onsite_FTE_Tier4,Offshore_FTE_Tier0,Offshore_FTE_Tier1,Offshore_FTE_Tier2,Offshore_FTE_Tier3,Offshore_FTE_Tier4,DMI_Score,Internal_Fulfillments_Number,External_Fulfillments_Number,Interviews_Held_Number,Client_Rejections_Number,Cost_Of_Hiring,Past_Due_RRs,Ageing_Of_PastDue_RRs,SOW_Value,EIP_Value,Savings_RFP,Retention_Issue,Resource_Onboarding_Delay,EIQ_Baselining_Of_Resources,Churn_Attrition_Count,Churn_Excused_Count,Created_Date,Created_By,Modified_Date,Modified_By
52572,20,March,Green30,700233,618063,11.73,185717,221000,156546,50680,4121,4.51,0.70,16.12,5.20,2.30,0,0,173970,203185,95680,53,53,11747,17814,60866,50680,4121,3.51,12.85,0.30,0.53,0.53,0.11,0.22,13.12,0.20,0.30,0.90,1,53,2,53,7.530,1,24,4316316.36,909144.11,28.4,53,"No Onboarding in July 2020",50,1,0,0000-00-00,"Sanjeev Pinnamaneni",0000-00-00,"Sanjeev Pinnamaneni"
57889,18,November,Green30,725000,763141,-5.26,19324,8760,455984,243207,35866,1.08,0.31,21.94,20.48,8.70,0,0,7496,8760,426381,211211,29021,11828,53,29603,31996,6845,0.23,25.12,15.00,8.43,0.20,0.85,0.53,6.94,12.05,0.20,0.90,9,1,3,53,9722.222,2,24,724781.40,53.22,0.0,3,0,0,53,53,0000-00-00,"Vijayakumar Settybalija",0000-00-00,"Vijayakumar Settybalija"
57890,19,June,Green30,376852,252928,32.88,8274,11313,164305,63956,5080,1.11,0.20,2.18,19.20,3.25,0,0,53,53,110676,14004,53,8274,11313,53629,49952,5080,0.53,45.20,0.53,0.10,0.53,0.11,0.22,0.13,18.20,3.25,0.90,2,53,4,53,7.530,0,0,1558547.32,131831.11,12.8,3,"No Onboarding in July 2020",0,2,1,0000-00-00,"Sanjeev Pinnamaneni",0000-00-00,"Sanjeev Pinnamaneni"
57891,19,June,Green30,376852,252928,32.88,8274,11313,164305,63956,5080,1.11,0.20,2.18,19.20,3.25,0,0,53,53,110676,14004,53,8274,11313,53629,49952,5080,0.53,45.20,0.53,0.10,0.53,0.11,0.22,0.13,18.20,3.25,0.90,2,53,4,53,7.530,0,0,1558547.32,131831.11,12.8,3,"No Onboarding in July 2020",0,2,1,0000-00-00,"Sanjeev Pinnamaneni",0000-00-00,"Sanjeev Pinnamaneni"
57892,19,June,Green30,376852,252928,32.88,8274,11313,164305,63956,5080,1.11,0.20,2.18,19.20,3.25,0,0,53,53,110676,14004,53,8274,11313,53629,49952,5080,0.53,45.20,0.53,0.10,0.53,0.11,0.22,0.13,18.20,3.25,0.90,2,53,4,53,7.530,0,0,1558547.32,131831.11,12.8,3,"No Onboarding in July 2020",0,2,1,0000-00-00,"Sanjeev Pinnamaneni",0000-00-00,"Sanjeev Pinnamaneni"
