Aurora_Risk_Indicator_Seq,Risk_Indicator,Aurora_Risk_Category_Seq_fk,Created_Date,Created_By,Modified_Date,Modified_By
30,"Issues in WssR",90,0000-00-00,"Sanjeev Pinnamaneni",0000-00-00,"Sanjeev Pinnamaneni"
31,Inconsistency,90,0000-00-00,"Sanjeev Pinnamaneni",0000-00-00,"Sanjeev Pinnamaneni"
32,"mission critical",91,0000-00-00,"Sanjeev Pinnamaneni",0000-00-00,"Sanjeev Pinnamaneni"
33,migration,91,0000-00-00,"Sanjeev Pinnamaneni",0000-00-00,"Sanjeev Pinnamaneni"
34,"challenges with core team",90,0000-00-00,"Sanjeev Pinnamaneni",0000-00-00,"Sanjeev Pinnamaneni"
