Aurora_Risk_Seq,Aurora_Project_Seq_fk,Risk_Indicator_Source,Risk_Description,Remediation,DxT_Alert,HyperCare,Aurora_RAG_Status_Seq_fk,Aurora_Alert_Seq_fk,Chorus_Alert_Id,Chorus_Code,Risk_Status,Created_Date,Created_By,Modified_Date,Modified_By
5000,1,DxT,Miscommunication,Rem,Y,Y,203,500,60,52572,A,2020-04-19,"Vijayakumar Settybalija",2020-03-22,"Vijayakumar Settybalija"
5001,2,Aurora,"Lack of Discussion",Rem,N,Y,203,500,61,57889,I,2020-02-25,"Vijayakumar Settybalija",2020-03-22,"Vijayakumar Settybalija"
5002,3,DxT,Miscommunication,Rem,Y,N,203,500,62,57890,A,2020-03-19,"Vijayakumar Settybalija",2020-03-22,"Vijayakumar Settybalija"
5003,4,Aurora,Miscommunication,Rem,Y,Y,204,500,63,57891,I,2020-03-19,"Vijayakumar Settybalija",2020-03-22,"Vijayakumar Settybalija"
5004,1,Aurora,Miscommunication,Rem,Y,Y,204,500,64,57892,A,2020-04-24,"Vijayakumar Settybalija",2020-03-22,"Vijayakumar Settybalija"
