Aurora_Project_Seq,Aurora_Best_Practice_Category_Seq,Best_Practice_Description,Problem_Addressed,Solution,Created_Date,Created_By,Modified_Date,Modified_By
1,1,Description,"Problem Addressed",solution,2020-05-12,name,NULL,NULL
1,2,Description,"Problem Addressed",solution,2020-05-12,name,NULL,NULL
1,3,Description,"Problem Addressed",solution,2020-05-12,name,NULL,NULL
1,4,Description,"Problem Addressed",solution,2020-05-12,name,NULL,NULL
2,2,Description,"Problem Addressed",solution,2020-05-12,name,NULL,NULL
3,1,Description,"Problem Addressed",solution,2020-05-12,name,NULL,NULL
3,2,Description,"Problem Addressed",solution,2020-05-12,name,NULL,NULL
3,5,Description,"Problem Addressed",solution,2020-05-12,name,NULL,NULL
4,1,Description,"Problem Addressed",solution,2020-05-12,name,NULL,NULL
5,5,Description,"Problem Addressed",solution,2020-05-12,name,NULL,NULL
6,2,Description,"Problem Addressed",solution,2020-05-12,name,NULL,NULL
6,3,Description,"Problem Addressed",solution,2020-05-12,name,NULL,NULL
9,4,Description,"Problem Addressed",solution,2020-05-12,name,NULL,NULL
10,2,Description,"Problem Addressed",solution,2020-05-12,name,NULL,NULL
11,2,Description,"Problem Addressed",solution,2020-05-12,name,NULL,NULL
12,3,Description,"Problem Addressed",solution,2020-05-12,name,NULL,NULL
15,1,Description,"Problem Addressed",solution,2020-05-12,name,NULL,NULL
