Chorus_Code,Chorus_Project_Name,Chorus_Start_Date,Chorus_End_Date,Process_Template,Aurora_Project_Seq_fk,Created_Date,Created_By,Modified_Date,Modified_By
52572,CP1,2015-09-03,2018-06-01,PT1,6,2020-03-19,"Vijayakumar Settybalija",2020-03-22,"Vijayakumar Settybalija"
57780,CP3,2015-09-03,2018-06-01,PT3,5,2020-03-19,"Vijayakumar Settybalija",2020-03-22,"Vijayakumar Settybalija"
57791,CP3,2015-09-03,2018-06-01,PT3,6,2020-03-19,"Vijayakumar Settybalija",2020-03-22,"Vijayakumar Settybalija"
57792,CP3,2015-09-03,2018-06-01,PT3,9,2020-03-19,"Vijayakumar Settybalija",2020-03-22,"Vijayakumar Settybalija"
57793,CP3,2015-09-03,2018-06-01,PT3,8,2020-03-19,"Vijayakumar Settybalija",2020-03-22,"Vijayakumar Settybalija"
57794,CP3,2015-09-03,2018-06-01,PT3,16,2020-03-19,"Vijayakumar Settybalija",2020-03-22,"Vijayakumar Settybalija"
57795,CP3,2015-09-03,2018-06-01,PT3,10,2020-03-19,"Vijayakumar Settybalija",2020-03-22,"Vijayakumar Settybalija"
57796,CP3,2015-09-03,2018-06-01,PT3,11,2020-03-19,"Vijayakumar Settybalija",2020-03-22,"Vijayakumar Settybalija"
57870,CP3,2015-09-03,2018-06-01,PT3,3,2020-03-19,"Vijayakumar Settybalija",2020-03-22,"Vijayakumar Settybalija"
57889,CP2,2015-09-03,2018-06-01,PT2,2,2020-03-19,"Vijayakumar Settybalija",2020-03-22,"Vijayakumar Settybalija"
57890,CP3,2015-09-03,2018-06-01,PT3,3,2020-03-19,"Vijayakumar Settybalija",2020-03-22,"Vijayakumar Settybalija"
57891,CP4,2015-09-03,2018-06-01,PT4,4,2020-03-19,"Vijayakumar Settybalija",2020-03-22,"Vijayakumar Settybalija"
57892,CP5,2015-09-03,2018-06-01,PT5,1,2020-03-19,"Vijayakumar Settybalija",2020-03-22,"Vijayakumar Settybalija"
64587,CP5,2015-09-03,2018-06-01,PT5,22,2020-03-19,"Vijayakumar Settybalija",2020-03-22,"Vijayakumar Settybalija"
64588,CP5,2015-09-03,2018-06-01,PT5,14,2020-03-19,"Vijayakumar Settybalija",2020-03-22,"Vijayakumar Settybalija"
64589,CP5,2015-09-03,2018-06-01,PT5,19,2020-03-19,"Vijayakumar Settybalija",2020-03-22,"Vijayakumar Settybalija"
64590,CP5,2015-09-03,2018-06-01,PT5,12,2020-03-19,"Vijayakumar Settybalija",2020-03-22,"Vijayakumar Settybalija"
64591,CP5,2015-09-03,2018-06-01,PT5,13,2020-03-19,"Vijayakumar Settybalija",2020-03-22,"Vijayakumar Settybalija"
64592,CP5,2015-09-03,2018-06-01,PT5,21,2020-03-19,"Vijayakumar Settybalija",2020-03-22,"Vijayakumar Settybalija"
64593,CP3,2015-09-03,2018-06-01,PT3,20,2020-03-19,"Vijayakumar Settybalija",2020-03-22,"Vijayakumar Settybalija"
64594,CP3,2015-09-03,2018-06-01,PT3,15,2020-03-19,"Vijayakumar Settybalija",2020-03-22,"Vijayakumar Settybalija"
