Aurora_Impact_Category_Seq,Impact_Type,Impact_To,Created_Date,Created_By,Modified_Date,Modified_By
1,"Business Disruption",Client,2020-09-22,Akhil,NULL,NULL
2,"Financial Loss",Client,2020-09-22,Akhil,NULL,NULL
3,"Regulatory Non-Compliance",Client,2020-09-22,Akhil,NULL,NULL
4,"Schedule Delay",Client,2020-09-22,Akhil,NULL,NULL
5,"Margin Dilution",Virtusa,2020-09-22,Akhil,NULL,NULL
6,"SLA Penalties",Virtusa,2020-09-22,Akhil,NULL,NULL
7,"Project Termination",Virtusa,2020-09-22,Akhil,NULL,NULL
8,"Downstream Opportunity impact",Virtusa,2020-09-22,Akhil,NULL,NULL
9,"Client Dis-Satisfaction",Virtusa,2020-09-22,Akhil,NULL,NULL
10,"Infosec Compliance issues",Virtusa,2020-09-22,Akhil,NULL,NULL
11,"People Impact",Virtusa,2020-09-22,Akhil,NULL,NULL
