Aurora_Program_Seq,Program_Name,Program_Manager,Created_Date,Created_By,Modified_Date,Modified_By
1,STaRS,"Sanjeev Pinnamaneni",2020-09-21,Akhil,NULL,NULL
2,"ICG MHS -PS","Vijayakumar Settybalija",2020-09-21,Akhil,NULL,NULL
3,"GCB / GCG Indian Services","Vijayakumar Settybalija",2020-09-21,Akhil,NULL,NULL
4,"GFTS / Procure to Pay","Vijayakumar Settybalija",2020-09-21,Akhil,NULL,NULL
5,"Capital Markets","Vijayakumar Settybalija",2020-09-21,Akhil,NULL,NULL
6,"TTS / Channels","Vijayakumar Settybalija",2020-09-21,Akhil,NULL,NULL
7,"TTS / Data","Vijayakumar Settybalija",2020-09-21,Akhil,NULL,NULL
8,"MSST / GFSAM","Vijayakumar Settybalija",2020-09-21,Akhil,NULL,NULL
9,"CFB / Flex to Angular Program","Vijayakumar Settybalija",2020-09-21,Akhil,NULL,NULL
10,"Consumer / JPMC Consumer","Vijayakumar Settybalija",2020-09-21,Akhil,NULL,NULL
