Aurora_Project_Metric_Seq,Aurora_Project_Seq_pk_fk,Aurora_Metrics_Seq_pk_fk,Date_or_Release_Based,Captured_Date,Captured_Release,Metric_Value,chart_type,Created_Date,Created_By,Modified_Date,Modified_By
1,3,1,Date_Based,2020-01-05,NULL,26.50,Line,2020-01-05,name1,NULL,NULL
2,3,1,Date_Based,2020-01-12,NULL,30.50,Line,2020-01-12,name1,NULL,NULL
3,3,1,Date_Based,2020-01-19,NULL,40.50,Line,2020-01-19,name1,NULL,NULL
4,3,1,Date_Based,2020-01-26,NULL,56.50,Line,2020-01-26,name1,NULL,NULL
5,3,1,Date_Based,2020-02-03,NULL,12.50,Line,2020-02-03,name1,NULL,NULL
6,3,1,Date_Based,2020-02-10,NULL,4.50,Line,2020-02-10,name1,NULL,NULL
7,3,3,Release_Based,NULL,"Rel 1.95.0",26.50,Bar,2020-01-05,name1,NULL,NULL
8,3,3,Release_Based,NULL,"Rel 1.98.0",30.50,Bar,2020-01-12,name1,NULL,NULL
9,3,3,Release_Based,NULL,"Rel 1.100.0",40.50,Bar,2020-01-19,name1,NULL,NULL
10,3,3,Release_Based,NULL,"Rel 1.102.0",56.50,Bar,2020-01-26,name1,NULL,NULL
11,3,3,Release_Based,NULL,"Rel 1.105.0",12.50,Bar,2020-02-03,name1,NULL,NULL
12,3,3,Release_Based,NULL,"Rel 1.107.0",4.50,Bar,2020-02-10,name1,NULL,NULL
13,9,2,Date_Based,2020-01-05,NULL,16.50,Line,2020-01-05,name1,NULL,NULL
14,9,2,Date_Based,2020-01-12,NULL,10.20,Line,2020-01-12,name1,NULL,NULL
15,9,2,Date_Based,2020-01-19,NULL,18.10,Line,2020-01-19,name1,NULL,NULL
16,9,2,Date_Based,2020-01-26,NULL,45.50,Line,2020-01-26,name1,NULL,NULL
17,9,2,Date_Based,2020-02-03,NULL,12.50,Line,2020-02-03,name1,NULL,NULL
18,9,2,Date_Based,2020-02-10,NULL,4.50,Line,2020-02-10,name1,NULL,NULL
19,9,4,Release_Based,NULL,"Rel 1.95.0",46.50,Bar,2020-01-05,name1,NULL,NULL
20,9,4,Release_Based,NULL,"Rel 1.98.0",20.50,Bar,2020-01-12,name1,NULL,NULL
21,9,4,Release_Based,NULL,"Rel 1.100.0",10.50,Bar,2020-01-19,name1,NULL,NULL
22,9,4,Release_Based,NULL,"Rel 1.102.0",36.50,Bar,2020-01-26,name1,NULL,NULL
23,9,4,Release_Based,NULL,"Rel 1.105.0",14.50,Bar,2020-02-03,name1,NULL,NULL
24,9,4,Release_Based,NULL,"Rel 1.107.0",54.50,Bar,2020-02-10,name1,NULL,NULL
