Aurora_Project_Seq,Velocity_ProjectCode,Project_Name,Aurora_Segment_Seq_fk,Project_Status,Resources_Currently_Allocated,Velocity_Start_Date,Velocity_End_Date,Virtusa_Segment_DeliveryHead,Virtusa_DD_Name,Virtusa_DD_EmailId,Virtusa_PD_Name,Virtusa_PD_EmailId,Virtusa_PM_Name,Virtusa_PM_EmailId,IT_Cluster,Aurora_ServiceType_V_Seq_fk,Aurora_Delivery_From_Seq_fk,Pricing_Construct_Code_fk,Total_HC,HC_On,HC_Off,Recovery_Time_Objective,Aurora_Program_Seq_fk,Aurora_SOW_Seq_fk,Engagement_Plan_Applicability,Engagement_Plan_Exemption_Reason,SLA_Applicability,KPI_Applicability,Key_Personnel_Including_PM,Project_Life_Cycle,Project_Applicability_Secure_SDLC,Project_Mobile_Development_Component,Release_Notes_Applicability,Self_Assessment_Applicability,Governance_Report_Applicability,Governance_Report_Frequency,GDPR,Remarks,Highest_Confidentiality,Created_Date,Created_By,Modified_Date,Modified_By
1,201189,"CITI TTS Stars",5,Open,Y,2009-01-01,2020-12-31,"Sundar Ramamurthy","Ramesh babu",rb@virtusa.com,"Fasmiya Aliyar",fa@virtusa.com,"Fasmiya Aliyar",fa@virtusa.com,VDI,1,1,FP,50,11,39,"Not applicable",1,1,"Yes-EP Available",NULL,Y,Y,10,ADM,N,N,Yes,Yes,Yes,Monthly,NULL,NULL,"Not Applicable",2020-09-21,Akhil,NULL,NULL
2,207540,"ICG CPB Production Support",2,Open,Y,2016-03-16,2020-12-31,"Venkat Narayanan","Venkat Narayanan",vn@virtusa.com,"Vijayakumar Settybalija",vs@virtusa.com,"Vijayakumar Settybalija",vs@virtusa.com,PS,2,1,FP,54,26,28,"0 to 4 hours",2,2,"Yes-EP Not updated",NULL,Y,Y,7,"Production Support",N,N,"Not Applicable",Yes,Yes,Monthly,NULL,NULL,"Not Applicable",2020-09-21,Akhil,NULL,NULL
3,207554,"ICG TTS Global Prod Support",2,Open,Y,2016-03-04,2020-12-31,"Venkat Narayanan","Venkat Narayanan",vn@virtusa.com,"Vijayakumar Settybalija",vs@virtusa.com,"Rohan Madhukar Mhatre",rmm@virtusa.com,PS,2,1,FP,43,5,38,"0 to 4 hours",2,2,"Yes-EP Available",NULL,Y,Y,5,"Production Support",N,N,"Not Applicable",Yes,Yes,Monthly,NULL,NULL,"Not Applicable",2020-09-21,Akhil,NULL,NULL
4,209369,"ACC CITI ICG Pune INR",2,Closed,N,2016-03-30,2019-03-31,"Chinni Suresh Kumar Natti","Chinni Suresh Kumar Natti",csk@virtusa.com,"Sanjeev Pinnamaneni",sp@virtusa.com,"Sanjeev Pinnamaneni",sp@virtusa.com,PS,2,2,FP,0,0,0,"0 to 4 hours",2,4,"Not Applicable",NULL,N,N,0,"Production Support",N,N,"Not Applicable","Not Applicable","Not Applicable","Not Applicable",NULL,NULL,"Not Applicable",2020-09-21,Akhil,NULL,NULL
5,216224,"ACC Citi ICG MHS PS INR",2,Open,Y,2018-12-21,2020-07-31,"Venkat Narayanan","Venkat Narayanan",vn@virtusa.com,"Vijayakumar Settybalija",vs@virtusa.com,"Vijayakumar Settybalija",vs@virtusa.com,PS,3,2,TM,2,2,0,"0 to 4 hours",2,5,"Not Applicable",NULL,N,N,0,"Other-specify in remarks",N,N,"Not Applicable","Not Applicable","Not Applicable","Not Applicable",NULL,NULL,"Not Applicable",2020-09-21,Akhil,NULL,NULL
6,216225,"CB India GCB Linux Migration",2,Open,Y,2018-12-21,2020-07-31,"Venkat Narayanan","Venkat Narayanan",vn@virtusa.com,"Vijayakumar Settybalija",vs@virtusa.com,"Vijayakumar Settybalija",vs@virtusa.com,PS,3,2,TM,2,2,0,"0 to 4 hours",3,5,"Not Applicable",NULL,N,N,0,"Other-specify in remarks",N,N,"Not Applicable","Not Applicable","Not Applicable","Not Applicable",NULL,NULL,"Not Applicable",2020-09-21,Akhil,NULL,NULL
7,216226,"Procure to Pay FP",6,Open,Y,2018-12-21,2020-07-31,"Venkat Narayanan","Venkat Narayanan",vn@virtusa.com,"Vijayakumar Settybalija",vs@virtusa.com,"Vijayakumar Settybalija",vs@virtusa.com,PS,3,2,TM,2,2,0,"0 to 4 hours",4,5,"Not Applicable",NULL,N,N,0,"Other-specify in remarks",N,N,"Not Applicable","Not Applicable","Not Applicable","Not Applicable",NULL,NULL,"Not Applicable",2020-09-21,Akhil,NULL,NULL
8,216227,"TPS 2 Trade Links",5,Open,Y,2018-12-21,2020-07-31,"Venkat Narayanan","Venkat Narayanan",vn@virtusa.com,"Vijayakumar Settybalija",vs@virtusa.com,"Vijayakumar Settybalija",vs@virtusa.com,PS,3,2,TM,2,2,0,"0 to 4 hours",5,5,"Not Applicable",NULL,N,N,0,"Other-specify in remarks",N,N,"Not Applicable","Not Applicable","Not Applicable","Not Applicable",NULL,NULL,"Not Applicable",2020-09-21,Akhil,NULL,NULL
9,216228,"CBConnect API",2,Open,Y,2018-12-21,2020-07-31,"Venkat Narayanan","Venkat Narayanan",vn@virtusa.com,"Vijayakumar Settybalija",vs@virtusa.com,"Vijayakumar Settybalija",vs@virtusa.com,PS,3,2,TM,2,2,0,"0 to 4 hours",2,5,"Not Applicable",NULL,N,N,0,"Other-specify in remarks",N,N,"Not Applicable","Not Applicable","Not Applicable","Not Applicable",NULL,NULL,"Not Applicable",2020-09-21,Akhil,NULL,NULL
10,216229,"CFS FP",6,Open,Y,2018-12-21,2020-07-31,"Venkat Narayanan","Venkat Narayanan",vn@virtusa.com,"Vijayakumar Settybalija",vs@virtusa.com,"Vijayakumar Settybalija",vs@virtusa.com,PS,3,2,TM,2,2,0,"0 to 4 hours",8,2,"Not Applicable",NULL,N,N,0,"Other-specify in remarks",N,N,"Not Applicable","Not Applicable","Not Applicable","Not Applicable",NULL,NULL,"Not Applicable",2020-09-21,Akhil,NULL,NULL
11,216230,"Citi DW BI Phase 3",6,Open,Y,2018-12-21,2020-07-31,"Venkat Narayanan","Venkat Narayanan",vn@virtusa.com,"Vijayakumar Settybalija",vs@virtusa.com,"Vijayakumar Settybalija",vs@virtusa.com,PS,3,2,TM,2,2,0,"0 to 4 hours",1,2,"Not Applicable",NULL,N,N,0,"Other-specify in remarks",N,N,"Not Applicable","Not Applicable","Not Applicable","Not Applicable",NULL,NULL,"Not Applicable",2020-09-21,Akhil,NULL,NULL
12,216231,"ICG MHS Prod Support 2018",2,Open,Y,2018-12-21,2020-07-31,"Venkat Narayanan","Venkat Narayanan",vn@virtusa.com,"Vijayakumar Settybalija",vs@virtusa.com,"Vijayakumar Settybalija",vs@virtusa.com,PS,3,2,TM,2,2,0,"0 to 4 hours",2,2,"Not Applicable",NULL,N,N,0,"Other-specify in remarks",N,N,"Not Applicable","Not Applicable","Not Applicable","Not Applicable",NULL,NULL,"Not Applicable",2020-09-21,Akhil,NULL,NULL
13,216232,"AME Files",6,Open,Y,2018-12-21,2020-07-31,"Venkat Narayanan","Venkat Narayanan",vn@virtusa.com,"Vijayakumar Settybalija",vs@virtusa.com,"Vijayakumar Settybalija",vs@virtusa.com,PS,3,2,TM,2,2,0,"0 to 4 hours",3,2,"Not Applicable",NULL,N,N,0,"Other-specify in remarks",N,N,"Not Applicable","Not Applicable","Not Applicable","Not Applicable",NULL,NULL,"Not Applicable",2020-09-21,Akhil,NULL,NULL
14,216233,"ICG CFPB",4,Open,Y,2018-12-21,2020-07-31,"Venkat Narayanan","Venkat Narayanan",vn@virtusa.com,"Vijayakumar Settybalija",vs@virtusa.com,"Vijayakumar Settybalija",vs@virtusa.com,PS,3,2,TM,2,2,0,"0 to 4 hours",4,2,"Not Applicable",NULL,N,N,0,"Other-specify in remarks",N,N,"Not Applicable","Not Applicable","Not Applicable","Not Applicable",NULL,NULL,"Not Applicable",2020-09-21,Akhil,NULL,NULL
15,216234,TTPS,6,Open,Y,2018-12-21,2020-07-31,"Venkat Narayanan","Venkat Narayanan",vn@virtusa.com,"Vijayakumar Settybalija",vs@virtusa.com,"Vijayakumar Settybalija",vs@virtusa.com,PS,3,2,TM,2,2,0,"0 to 4 hours",5,2,"Not Applicable",NULL,N,N,0,"Other-specify in remarks",N,N,"Not Applicable","Not Applicable","Not Applicable","Not Applicable",NULL,NULL,"Not Applicable",2020-09-21,Akhil,NULL,NULL
16,216235,"GFS TCP",3,Open,Y,2018-12-21,2020-07-31,"Venkat Narayanan","Venkat Narayanan",vn@virtusa.com,"Vijayakumar Settybalija",vs@virtusa.com,"Vijayakumar Settybalija",vs@virtusa.com,PS,3,2,TM,2,2,0,"0 to 4 hours",1,2,"Not Applicable",NULL,N,N,0,"Other-specify in remarks",N,N,"Not Applicable","Not Applicable","Not Applicable","Not Applicable",NULL,NULL,"Not Applicable",2020-09-21,Akhil,NULL,NULL
17,216236,FTFC,3,Open,Y,2018-12-21,2020-07-31,"Venkat Narayanan","Venkat Narayanan",vn@virtusa.com,"Vijayakumar Settybalija",vs@virtusa.com,"Vijayakumar Settybalija",vs@virtusa.com,PS,3,2,TM,2,2,0,"0 to 4 hours",3,2,"Not Applicable",NULL,N,N,0,"Other-specify in remarks",N,N,"Not Applicable","Not Applicable","Not Applicable","Not Applicable",NULL,NULL,"Not Applicable",2020-09-21,Akhil,NULL,NULL
18,216237,"JPMC FP",2,Open,Y,2018-12-21,2020-07-31,"Venkat Narayanan","Venkat Narayanan",vn@virtusa.com,"Vijayakumar Settybalija",vs@virtusa.com,"Vijayakumar Settybalija",vs@virtusa.com,PS,3,2,TM,2,2,0,"0 to 4 hours",9,2,"Not Applicable",NULL,N,N,0,"Other-specify in remarks",N,N,"Not Applicable","Not Applicable","Not Applicable","Not Applicable",NULL,NULL,"Not Applicable",2020-09-21,Akhil,NULL,NULL
19,216238,"CFCB FP",1,Open,Y,2018-12-21,2020-07-31,"Venkat Narayanan","Venkat Narayanan",vn@virtusa.com,"Vijayakumar Settybalija",vs@virtusa.com,"Vijayakumar Settybalija",vs@virtusa.com,PS,3,2,TM,2,2,0,"0 to 4 hours",10,2,"Not Applicable",NULL,N,N,0,"Other-specify in remarks",N,N,"Not Applicable","Not Applicable","Not Applicable","Not Applicable",NULL,NULL,"Not Applicable",2020-09-21,Akhil,NULL,NULL
20,216239,"FCCP TPS",1,Open,Y,2018-12-21,2020-07-31,"Venkat Narayanan","Venkat Narayanan",vn@virtusa.com,"Vijayakumar Settybalija",vs@virtusa.com,"Vijayakumar Settybalija",vs@virtusa.com,PS,3,2,TM,2,2,0,"0 to 4 hours",4,2,"Not Applicable",NULL,N,N,0,"Other-specify in remarks",N,N,"Not Applicable","Not Applicable","Not Applicable","Not Applicable",NULL,NULL,"Not Applicable",2020-09-21,Akhil,NULL,NULL
21,216240,"ICG CMT Global Prod Support",2,Open,Y,2018-12-21,2020-07-31,"Venkat Narayanan","Venkat Narayanan",vn@virtusa.com,"Vijayakumar Settybalija",vs@virtusa.com,"Vijayakumar Settybalija",vs@virtusa.com,PS,3,2,TM,2,2,0,"0 to 4 hours",2,2,"Not Applicable",NULL,N,N,0,"Other-specify in remarks",N,N,"Not Applicable","Not Applicable","Not Applicable","Not Applicable",NULL,NULL,"Not Applicable",2020-09-21,Akhil,NULL,NULL
22,216241,"RPA Production Support",2,Open,Y,2018-12-21,2020-07-31,"Venkat Narayanan","Venkat Narayanan",vn@virtusa.com,"Vijayakumar Settybalija",vs@virtusa.com,"Vijayakumar Settybalija",vs@virtusa.com,PS,3,2,TM,2,2,0,"0 to 4 hours",2,2,"Not Applicable",NULL,N,N,0,"Other-specify in remarks",N,N,"Not Applicable","Not Applicable","Not Applicable","Not Applicable",NULL,NULL,"Not Applicable",2020-09-21,Akhil,NULL,NULL
