Aurora_Risk_Indicator_Seq,Risk_Indicator,Aurora_Risk_Category_Seq_fk,Created_Date,Created_By,Modified_Date,Modified_By
1,"Issues in WSR reporting/Monthly Governance/Steering Committee",1,2020-09-22,Akhil,NULL,NULL
2,"Delays Observed in subcontracting deliverables",15,2020-09-22,Akhil,NULL,NULL
3,"Project is in the "mission critical" category for the prospect or customer",2,2020-09-22,Akhil,NULL,NULL
4,"Challenges or issues with core team",3,2020-09-22,Akhil,NULL,NULL
5,"Knowledge on analysis and System testing skill is low",4,2020-09-22,Akhil,NULL,NULL
6,"Sizing or effort has not considered funtional/non functional scope",5,2020-09-22,Akhil,NULL,NULL
7,"Project Schedule underestimated",6,2020-09-22,Akhil,NULL,NULL
8,"sign-off delays",7,2020-09-22,Akhil,NULL,NULL
9,"Multiple client stakeholders-multiple priorities",8,2020-09-22,Akhil,NULL,NULL
10,"Unplanned leave rate in project is quiet high",9,2020-09-22,Akhil,NULL,NULL
11,"Declined Trend",10,2020-09-22,Akhil,NULL,NULL
12,"Low Scores",11,2020-09-22,Akhil,NULL,NULL
13,"Missed SLA",12,2020-09-22,Akhil,NULL,NULL
14,"Gaps observed in inadequancy in experience level",13,2020-09-22,Akhil,NULL,NULL
15,"Team motivation and morale is low",14,2020-09-22,Akhil,NULL,NULL
16,"Delays in sign-offs and reviews",16,2020-09-22,Akhil,NULL,NULL
17,"Teams has not delivered value adds",17,2020-09-22,Akhil,NULL,NULL
