Aurora_Risk_Seq,Aurora_Project_Seq_fk,Risk_Indicator_Source,Risk_Description,Remediation,DxT_Alert,HyperCare,Aurora_RAG_Status_Seq_fk,Aurora_Alert_Seq_fk,Chorus_Alert_Id,Chorus_Code,Risk_Status,Created_Date,Created_By,Modified_Date,Modified_By
1,1,DxT,"In weekly calls PM not highlighting and discussing the risks & dependencies on upcoming milestones",NULL,N,N,2,NULL,12345,52572,A,2020-03-05,Akhil,NULL,NULL
2,6,DxT,"Project solution is developed on latest version of Angular, react for where we do not have expertise.  Current version has to be transitioned from Infosys & IBM",NULL,Y,Y,4,NULL,NULL,57889,A,2020-05-10,Akhil,NULL,NULL
3,6,Aurora,"In weekly calls PM not highlighting and discussing the risks & dependencies on upcoming milestones",NULL,Y,Y,3,NULL,NULL,52572,A,2020-02-02,Akhil,NULL,NULL
4,6,PM,"In weekly calls PM not highlighting and discussing the risks & dependencies on upcoming milestones",NULL,Y,Y,3,NULL,NULL,64587,A,2020-06-21,Akhil,NULL,NULL
5,12,PM,"In weekly calls PM not highlighting and discussing the risks & dependencies on upcoming milestones",NULL,Y,Y,3,NULL,NULL,64587,A,2020-06-21,Akhil,NULL,NULL
6,6,DxT,"Project solution is developed on latest version of Angular, react for where we do not have expertise.  Current version has to be transitioned from Infosys & IBM",NULL,Y,Y,3,NULL,NULL,59710,I,2020-05-11,Akhil,NULL,NULL
7,7,Aurora,"In weekly calls PM not highlighting and discussing the risks & dependencies on upcoming milestones",NULL,Y,Y,3,NULL,NULL,64587,A,2020-07-21,Akhil,NULL,NULL
8,8,DxT,"In weekly calls PM not highlighting and discussing the risks & dependencies on upcoming milestones",NULL,Y,Y,3,NULL,NULL,64587,A,2018-05-11,Akhil,NULL,NULL
9,9,Aurora,"In weekly calls PM not highlighting and discussing the risks & dependencies on upcoming milestones",NULL,Y,Y,3,NULL,NULL,64587,A,2019-11-16,Akhil,NULL,NULL
10,9,DxT,"In weekly calls PM not highlighting and discussing the risks & dependencies on upcoming milestones",NULL,Y,Y,4,NULL,NULL,64587,A,2020-02-14,Akhil,NULL,NULL
11,10,Aurora,"In weekly calls PM not highlighting and discussing the risks & dependencies on upcoming milestones",NULL,Y,Y,3,NULL,NULL,64587,A,2020-06-27,Akhil,NULL,NULL
12,11,DxT,"In weekly calls PM not highlighting and discussing the risks & dependencies on upcoming milestones",NULL,Y,Y,3,NULL,NULL,64587,A,2020-08-06,Akhil,NULL,NULL
13,9,Aurora,"In weekly calls PM not highlighting and discussing the risks & dependencies on upcoming milestones",NULL,Y,Y,4,NULL,NULL,64587,A,2020-09-11,Akhil,NULL,NULL
14,1,DxT,"In weekly calls PM not highlighting and discussing the risks & dependencies on upcoming milestones",NULL,Y,Y,3,NULL,NULL,64587,A,2019-04-21,Akhil,NULL,NULL
15,8,Aurora,"In weekly calls PM not highlighting and discussing the risks & dependencies on upcoming milestones",NULL,Y,Y,3,NULL,NULL,64587,A,2019-12-15,Akhil,NULL,NULL
16,14,Aurora,"In weekly calls PM not highlighting and discussing the risks & dependencies on upcoming milestones",NULL,Y,Y,3,NULL,NULL,64587,A,2020-03-15,Akhil,NULL,NULL
17,14,Aurora,"In weekly calls PM not highlighting and discussing the risks & dependencies on upcoming milestones",NULL,Y,Y,3,NULL,NULL,64587,A,2019-02-10,Akhil,NULL,NULL
18,18,Aurora,"In weekly calls PM not highlighting and discussing the risks & dependencies on upcoming milestones",NULL,Y,Y,4,NULL,NULL,64587,A,2019-02-10,Akhil,NULL,NULL
19,15,Aurora,"In weekly calls PM not highlighting and discussing the risks & dependencies on upcoming milestones",NULL,Y,Y,3,NULL,NULL,64587,A,2019-02-10,Akhil,NULL,NULL
20,15,Aurora,"In weekly calls PM not highlighting and discussing the risks & dependencies on upcoming milestones",NULL,Y,Y,3,NULL,NULL,64587,A,2019-02-10,Akhil,NULL,NULL
21,1,Aurora,"In weekly calls PM not highlighting and discussing the risks & dependencies on upcoming milestones",NULL,Y,Y,3,NULL,NULL,64587,I,2019-02-10,Akhil,NULL,NULL
22,7,Aurora,"In weekly calls PM not highlighting and discussing the risks & dependencies on upcoming milestones",NULL,Y,Y,3,NULL,NULL,64587,I,2019-02-10,Akhil,NULL,NULL
23,16,Aurora,"In weekly calls PM not highlighting and discussing the risks & dependencies on upcoming milestones",NULL,Y,Y,3,NULL,NULL,64587,A,2019-02-10,Akhil,NULL,NULL
24,15,Aurora,"In weekly calls PM not highlighting and discussing the risks & dependencies on upcoming milestones",NULL,Y,Y,3,NULL,NULL,64587,A,2019-02-10,Akhil,NULL,NULL
25,14,Aurora,"In weekly calls PM not highlighting and discussing the risks & dependencies on upcoming milestones",NULL,Y,Y,3,NULL,NULL,64587,I,2019-02-10,Akhil,NULL,NULL
26,16,Aurora,"In weekly calls PM not highlighting and discussing the risks & dependencies on upcoming milestones",NULL,Y,Y,3,NULL,NULL,64587,A,2019-02-10,Akhil,NULL,NULL
27,19,Aurora,"In weekly calls PM not highlighting and discussing the risks & dependencies on upcoming milestones",NULL,Y,Y,3,NULL,NULL,64587,I,2019-02-10,Akhil,NULL,NULL
