Aurora_Risk_Category_Seq,Risk_Type,Created_Date,Created_By,Modified_Date,Modified_By
1,"Status tracking & reporting Rigor",2020-09-22,"Akhil ",NULL,NULL
2,"Project Complexity",2020-09-22,Akhil,NULL,NULL
3,"Resource Fullfillment/Stability/Attrition",2020-09-22,Akhil,NULL,NULL
4,"Team Competency and Skill",2020-09-22,Akhil,NULL,NULL
5,"Effort Estimates",2020-09-22,Akhil,NULL,NULL
6,"Schedule Estimates",2020-09-22,Akhil,NULL,NULL
7,"Requirements Stability / Clarity",2020-09-22,Akhil,NULL,NULL
8,"Milestone Achievement",2020-09-22,Akhil,NULL,NULL
9,"Code Quality & High Defects Density",2020-09-22,Akhil,NULL,NULL
10,"Productivity (Blue Optima)",2020-09-22,Akhil,NULL,NULL
11,"Productivity (DTA)",2020-09-22,Akhil,NULL,NULL
12,"Customer SLA",2020-09-22,Akhil,NULL,NULL
13,"Project Management Risk",2020-09-22,Akhil,NULL,NULL
14,"Team Organization and Structure",2020-09-22,Akhil,NULL,NULL
15,"SubContracting and Vendor Deliverables",2020-09-22,Akhil,NULL,NULL
16,"Customer Commitment",2020-09-22,Akhil,NULL,NULL
17,"Customer Process",2020-09-22,Akhil,NULL,NULL
